Lambda,Rho,Avg_Queue_Length_Sim,Avg_Queue_Length_Theory,Relative_Error
0.3,0.3,0.428989,0.428571,0.0974826
0.5,0.5,0.982474,1,1.7526
0.7,0.7,2.32515,2.33333,0.350858
0.8,0.8,4.03548,4,0.887013
0.9,0.9,8.88976,9,1.2249
0.95,0.95,15.6963,19,17.3878
0.99,0.99,34.9768,99,64.6699
